batch_id,bank_trx_id,settlement_date,credit_date,batch_net,bank_amount,batch_gross,batch_refund,batch_order_count,bank_description,bank_description_clean,match_label,amount_diff,amount_abs_diff,amount_pct_diff,amount_log_ratio,fee_adjusted_diff,date_diff_days,date_diff_abs,is_weekend_credit,desc_jaccard,desc_seq_ratio,keyword_shopee_flag,batch_size_log,refund_ratio,group_size
BATCH000001,BANK0000017,2025-09-06,2025-09-11,56859.78,55173.47,60723.34,1961.17,229,sHOPEE dIGITAL my-109486,SHOPEE DIGITAL MY 109486,0,1686.3099999999977,1686.3099999999977,0.029657343028762998,0.030105477735450137,3588.699999999997,-5,5,0,0.2,0.4878048780487805,1,5.438079308923196,0.03229680712556325,1
BATCH000001,BANK0000039,2025-09-06,2025-09-12,56859.78,50990.57,60723.34,1961.17,229,SP Settlement  341429,SP SETTLEMENT 341429,0,5869.209999999999,5869.209999999999,0.10322252390002211,0.10894549908828566,7771.5999999999985,-6,6,0,0.25,0.7027027027027027,1,5.438079308923196,0.03229680712556325,1
BATCH000001,BANK0000042,2025-09-06,2025-09-06,56859.78,56859.78,60723.34,1961.17,229,SH0PEE-PAY0UT  332769,SH0PEE PAY0UT 332769,1,0.0,0.0,0.0,0.0,1902.3899999999994,0,0,1,0.0,0.3783783783783784,0,5.438079308923196,0.03229680712556325,1
BATCH000002,BANK0000014,2025-09-09,2025-09-09,116870.79,116870.79,124606.85,3644.47,463,Shopee Payout  895545,SHOPEE PAYOUT 895545,1,0.0,0.0,0.0,0.0,4091.590000000011,0,0,0,0.25,0.43243243243243246,1,6.139884552226255,0.02924775002337351,1
BATCH000002,BANK0000068,2025-09-09,2025-09-16,116870.79,107933.06,124606.85,3644.47,463,SP Settlement-319765,SP SETTLEMENT 319765,0,8937.729999999996,8937.729999999996,0.0764753108967604,0.07955703688731397,13029.320000000007,-7,7,0,0.25,0.7027027027027027,1,6.139884552226255,0.02924775002337351,1
BATCH000003,BANK0000017,2025-09-11,2025-09-11,55173.47,55173.47,58260.6,1259.55,234,sHOPEE dIGITAL my-109486,SHOPEE DIGITAL MY 109486,1,0.0,0.0,0.0,0.0,1827.5799999999945,0,0,0,0.2,0.4878048780487805,1,5.459585514144159,0.0216192418203726,1
BATCH000003,BANK0000039,2025-09-11,2025-09-12,55173.47,50990.57,58260.6,1259.55,234,SP Settlement  341429,SP SETTLEMENT 341429,0,4182.9000000000015,4182.9000000000015,0.0758136111431817,0.07884002135283552,6010.479999999996,-1,1,0,0.25,0.7027027027027027,1,5.459585514144159,0.0216192418203726,1
BATCH000003,BANK0000042,2025-09-11,2025-09-06,55173.47,56859.78,58260.6,1259.55,234,SH0PEE-PAY0UT  332769,SH0PEE PAY0UT 332769,0,-1686.3099999999977,1686.3099999999977,0.03056378364456681,-0.030105477735450137,141.2699999999968,5,5,1,0.0,0.3783783783783784,0,5.459585514144159,0.0216192418203726,1
BATCH000004,BANK0000017,2025-09-12,2025-09-11,50990.57,55173.47,54532.12,1989.13,220,sHOPEE dIGITAL my-109486,SHOPEE DIGITAL MY 109486,0,-4182.9000000000015,4182.9000000000015,0.08203281508718184,-0.07884002135283552,2630.479999999996,1,1,0,0.2,0.4878048780487805,1,5.3981627015177525,0.036476300572946735,1
BATCH000004,BANK0000039,2025-09-12,2025-09-12,50990.57,50990.57,54532.12,1989.13,220,SP Settlement  341429,SP SETTLEMENT 341429,1,0.0,0.0,0.0,0.0,1552.4200000000055,0,0,0,0.25,0.7027027027027027,1,5.3981627015177525,0.036476300572946735,1
BATCH000004,BANK0000042,2025-09-12,2025-09-06,50990.57,56859.78,54532.12,1989.13,220,SH0PEE-PAY0UT  332769,SH0PEE PAY0UT 332769,0,-5869.209999999999,5869.209999999999,0.11510383194382803,-0.10894549908828566,4316.789999999994,6,6,1,0.0,0.3783783783783784,0,5.3981627015177525,0.036476300572946735,1
BATCH000005,BANK0000014,2025-09-16,2025-09-09,107933.06,116870.79,115813.45,4193.87,426,Shopee Payout  895545,SHOPEE PAYOUT 895545,0,-8937.729999999996,8937.729999999996,0.08280808493708967,-0.07955703688731397,5251.209999999992,7,7,0,0.25,0.43243243243243246,1,6.056784013228625,0.03621228795101087,1
BATCH000005,BANK0000054,2025-09-16,2025-09-25,107933.06,102451.6,115813.45,4193.87,426,Shopee Digital MY-974530,SHOPEE DIGITAL MY 974530,0,5481.459999999992,5481.459999999992,0.050785737011440166,0.052120232507547826,9167.979999999996,-9,9,0,0.2,0.4878048780487805,1,6.056784013228625,0.03621228795101087,1
BATCH000005,BANK0000067,2025-09-16,2025-09-23,107933.06,107472.24,115813.45,4193.87,426,Shopee Digital MY  455627,SHOPEE DIGITAL MY 455627,0,460.81999999999243,460.81999999999243,0.004269498150057012,0.004278598756833674,4147.3399999999965,-7,7,0,0.2,0.4878048780487805,1,6.056784013228625,0.03621228795101087,1
BATCH000005,BANK0000068,2025-09-16,2025-09-16,107933.06,107933.06,115813.45,4193.87,426,SP Settlement-319765,SP SETTLEMENT 319765,1,0.0,0.0,0.0,0.0,3686.520000000004,0,0,0,0.25,0.7027027027027027,1,6.056784013228625,0.03621228795101087,1
BATCH000006,BANK0000051,2025-09-22,2025-10-01,107472.24,93616.76,113738.38,3033.43,455,sH0PEE pAY0UT  710531,SH0PEE PAY0UT 710531,0,13855.48000000001,13855.48000000001,0.12892147776951526,0.13802177727263398,17088.190000000017,-9,9,0,0.0,0.3783783783783784,0,6.1224928095143865,0.026670240951207496,1
BATCH000006,BANK0000054,2025-09-22,2025-09-25,107472.24,102451.6,113738.38,3033.43,455,Shopee Digital MY-974530,SHOPEE DIGITAL MY 974530,0,5020.639999999999,5020.639999999999,0.04671569141947725,0.04784163375071415,8253.350000000006,-3,3,0,0.2,0.4878048780487805,1,6.1224928095143865,0.026670240951207496,1
BATCH000006,BANK0000067,2025-09-22,2025-09-23,107472.24,107472.24,113738.38,3033.43,455,Shopee Digital MY  455627,SHOPEE DIGITAL MY 455627,1,0.0,0.0,0.0,0.0,3232.7100000000064,-1,1,0,0.2,0.4878048780487805,1,6.1224928095143865,0.026670240951207496,1
BATCH000006,BANK0000068,2025-09-22,2025-09-16,107472.24,107933.06,113738.38,3033.43,455,SP Settlement-319765,SP SETTLEMENT 319765,0,-460.81999999999243,460.81999999999243,0.004287804925253186,-0.004278598756833674,2771.890000000014,6,6,0,0.25,0.7027027027027027,1,6.1224928095143865,0.026670240951207496,1
BATCH000007,BANK0000044,2025-09-25,2025-10-03,102451.6,99138.81,108370.77,2706.04,428,sp sETTLEMENT-289744,SP SETTLEMENT 289744,0,3312.790000000008,3312.790000000008,0.03233517094901405,0.032869176487324125,6525.920000000013,-8,8,0,0.25,0.7027027027027027,1,6.061456918928017,0.024970201835790223,1
BATCH000007,BANK0000051,2025-09-25,2025-10-01,102451.6,93616.76,108370.77,2706.04,428,sH0PEE pAY0UT  710531,SH0PEE PAY0UT 710531,0,8834.840000000011,8834.840000000011,0.08623428038215128,0.09018014352191983,12047.970000000016,-6,6,0,0.0,0.3783783783783784,0,6.061456918928017,0.024970201835790223,1
BATCH000007,BANK0000054,2025-09-25,2025-09-25,102451.6,102451.6,108370.77,2706.04,428,Shopee Digital MY-974530,SHOPEE DIGITAL MY 974530,1,0.0,0.0,0.0,0.0,3213.1300000000047,0,0,0,0.2,0.4878048780487805,1,6.061456918928017,0.024970201835790223,1
BATCH000007,BANK0000064,2025-09-25,2025-09-28,102451.6,87815.57,108370.77,2706.04,428,shopee digital-583139,SHOPEE DIGITAL 583139,0,14636.029999999999,14636.029999999999,0.14285799343299663,0.1541500453877287,17849.160000000003,-3,3,1,0.25,0.47368421052631576,1,6.061456918928017,0.024970201835790223,1
BATCH000007,BANK0000067,2025-09-25,2025-09-23,102451.6,107472.24,108370.77,2706.04,428,Shopee Digital MY  455627,SHOPEE DIGITAL MY 455627,0,-5020.639999999999,5020.639999999999,0.0490049935774551,-0.04784163375071415,1807.5099999999948,2,2,0,0.2,0.4878048780487805,1,6.061456918928017,0.024970201835790223,1
BATCH000007,BANK0000068,2025-09-25,2025-09-16,102451.6,107933.06,108370.77,2706.04,428,SP Settlement-319765,SP SETTLEMENT 319765,0,-5481.459999999992,5481.459999999992,0.0535029223555317,-0.052120232507547826,2268.329999999987,9,9,0,0.25,0.7027027027027027,1,6.061456918928017,0.024970201835790223,1
BATCH000008,BANK0000044,2025-09-27,2025-10-03,87815.57,99138.81,93767.16,3026.27,373,sp sETTLEMENT-289744,SP SETTLEMENT 289744,0,-11323.23999999999,11323.23999999999,0.1289434208535,-0.12128086890040457,8397.919999999998,-6,6,0,0.25,0.7027027027027027,1,5.924255797414532,0.032274305844391574,1
BATCH000008,BANK0000051,2025-09-27,2025-10-01,87815.57,93616.76,93767.16,3026.27,373,sH0PEE pAY0UT  710531,SH0PEE PAY0UT 710531,0,-5801.189999999988,5801.189999999988,0.06606106411425659,-0.06396990186580886,2875.8699999999953,-4,4,0,0.0,0.3783783783783784,0,5.924255797414532,0.032274305844391574,1
BATCH000008,BANK0000064,2025-09-27,2025-09-28,87815.57,87815.57,93767.16,3026.27,373,shopee digital-583139,SHOPEE DIGITAL 583139,1,0.0,0.0,0.0,0.0,2925.3199999999924,-1,1,1,0.25,0.47368421052631576,1,5.924255797414532,0.032274305844391574,1
BATCH000009,BANK0000061,2025-09-27,2025-09-28,53799.46,53799.46,58359.02,2649.38,221,sHOPEE dIGITAL my495939,SHOPEE DIGITAL MY495939,1,0.0,0.0,0.0,0.0,1910.1800000000003,-1,1,1,0.25,0.5,1,5.402677381872279,0.04539795219316569,1
BATCH000010,BANK0000044,2025-09-30,2025-10-03,93616.76,99138.81,98461.91,1900.68,400,sp sETTLEMENT-289744,SP SETTLEMENT 289744,0,-5522.050000000003,5522.050000000003,0.0589856987146319,-0.057310967034595706,2577.579999999987,-3,3,0,0.25,0.7027027027027027,1,5.993961427306569,0.0193037084086628,1
BATCH000010,BANK0000051,2025-09-30,2025-10-01,93616.76,93616.76,98461.91,1900.68,400,sH0PEE pAY0UT  710531,SH0PEE PAY0UT 710531,1,0.0,0.0,0.0,0.0,2944.4700000000157,-1,1,0,0.0,0.3783783783783784,0,5.993961427306569,0.0193037084086628,1
BATCH000010,BANK0000054,2025-09-30,2025-09-25,93616.76,102451.6,98461.91,1900.68,400,Shopee Digital MY-974530,SHOPEE DIGITAL MY 974530,0,-8834.840000000011,8834.840000000011,0.0943724179302938,-0.09018014352191983,5890.369999999995,5,5,0,0.2,0.4878048780487805,1,5.993961427306569,0.0193037084086628,1
BATCH000010,BANK0000064,2025-09-30,2025-09-28,93616.76,87815.57,98461.91,1900.68,400,shopee digital-583139,SHOPEE DIGITAL 583139,0,5801.189999999988,5801.189999999988,0.061967429763644756,0.06396990186580886,8745.660000000003,2,2,1,0.25,0.47368421052631576,1,5.993961427306569,0.0193037084086628,1
BATCH000010,BANK0000067,2025-09-30,2025-09-23,93616.76,107472.24,98461.91,1900.68,400,Shopee Digital MY  455627,SHOPEE DIGITAL MY 455627,0,-13855.48000000001,13855.48000000001,0.14800213124231185,-0.13802177727263398,10911.009999999995,7,7,0,0.2,0.4878048780487805,1,5.993961427306569,0.0193037084086628,1
BATCH000011,BANK0000044,2025-10-03,2025-10-03,99138.81,99138.81,105677.12,3119.65,385,sp sETTLEMENT-289744,SP SETTLEMENT 289744,1,0.0,0.0,0.0,0.0,3418.6600000000035,0,0,0,0.25,0.7027027027027027,1,5.955837369464831,0.02952058118162191,1
BATCH000011,BANK0000051,2025-10-03,2025-10-01,99138.81,93616.76,105677.12,3119.65,385,sH0PEE pAY0UT  710531,SH0PEE PAY0UT 710531,0,5522.050000000003,5522.050000000003,0.05570018441819105,0.057310967034595706,8940.710000000006,2,2,0,0.0,0.3783783783783784,0,5.955837369464831,0.02952058118162191,1
BATCH000011,BANK0000054,2025-10-03,2025-09-25,99138.81,102451.6,105677.12,3119.65,385,Shopee Digital MY-974530,SHOPEE DIGITAL MY 974530,0,-3312.790000000008,3312.790000000008,0.033415672429394784,-0.032869176487324125,105.86999999999534,8,8,0,0.2,0.4878048780487805,1,5.955837369464831,0.02952058118162191,1
BATCH000011,BANK0000064,2025-10-03,2025-09-28,99138.81,87815.57,105677.12,3119.65,385,shopee digital-583139,SHOPEE DIGITAL 583139,0,11323.23999999999,11323.23999999999,0.1142160169160795,0.12128086890040457,14741.899999999994,5,5,1,0.25,0.47368421052631576,1,5.955837369464831,0.02952058118162191,1
BATCH000011,BANK0000067,2025-10-03,2025-09-23,99138.81,107472.24,105677.12,3119.65,385,Shopee Digital MY  455627,SHOPEE DIGITAL MY 455627,0,-8333.430000000008,8333.430000000008,0.08405820081963872,-0.08071081023803828,4914.770000000004,10,10,0,0.2,0.4878048780487805,1,5.955837369464831,0.02952058118162191,1
BATCH000012,BANK0000018,2025-10-08,2025-10-18,73827.15,77357.22,78907.15,2780.83,314,SP Settlement  852393,SP SETTLEMENT 852393,0,-3530.070000000007,3530.070000000007,0.047815336227932506,-0.0467067463807318,1230.9000000000087,-10,10,1,0.25,0.7027027027027027,1,5.752572638825633,0.03524180001432063,1
BATCH000012,BANK0000024,2025-10-08,2025-10-09,73827.15,73822.15,78907.15,2780.83,314,Shopee Digital MY  608631,SHOPEE DIGITAL MY 608631,1,5.0,5.0,6.772576213493275e-05,6.772713822300602e-05,2304.1699999999983,-1,1,0,0.2,0.4878048780487805,1,5.752572638825633,0.03524180001432063,1
BATCH000013,BANK0000024,2025-10-10,2025-10-09,65312.8,73822.15,70051.64,2589.06,267,Shopee Digital MY  608631,SHOPEE DIGITAL MY 608631,0,-8509.349999999991,8509.349999999991,0.13028610012126246,-0.1224690217869675,6359.569999999992,1,1,0,0.2,0.4878048780487805,1,5.5909869805108565,0.03695930602053,1
BATCH000014,BANK0000003,2025-10-12,2025-10-20,37092.56,33420.93,39843.97,1387.96,144,SHOPEE-PAYOUT    379391,SHOPEE PAYOUT 379391,0,3671.6299999999974,3671.6299999999974,0.09898561867932539,0.10423109828994903,5035.080000000002,-8,8,0,0.25,0.43243243243243246,1,4.976733742420574,0.03483488216661141,1
BATCH000015,BANK0000018,2025-10-12,2025-10-18,77357.22,77357.22,82395.26,2412.19,322,SP Settlement  852393,SP SETTLEMENT 852393,1,0.0,0.0,0.0,0.0,2625.8499999999913,-6,6,1,0.25,0.7027027027027027,1,5.777652323222656,0.029275834556502404,1
BATCH000015,BANK0000024,2025-10-12,2025-10-09,77357.22,73822.15,82395.26,2412.19,322,Shopee Digital MY  608631,SHOPEE DIGITAL MY 608631,0,3535.070000000007,3535.070000000007,0.04569799690319801,0.04677447351895481,6160.919999999998,3,3,0,0.2,0.4878048780487805,1,5.777652323222656,0.029275834556502404,1
BATCH000016,BANK0000058,2025-10-14,2025-10-21,60048.1,58993.37,63293.46,1239.95,241,shopee digital  884688,SHOPEE DIGITAL 884688,0,1054.729999999996,1054.729999999996,0.017564752256940618,0.017720545279498623,3060.1399999999994,-7,7,0,0.25,0.47368421052631576,1,5.488937726156687,0.019590491655851965,1
BATCH000017,BANK0000018,2025-10-17,2025-10-18,71537.61,77357.22,75210.8,1465.36,295,SP Settlement  852393,SP SETTLEMENT 852393,0,-5819.610000000001,5819.610000000001,0.0813503554284243,-0.07820953762075611,3611.779999999999,-1,1,1,0.25,0.7027027027027027,1,5.69035945432406,0.019483372068904995,1
BATCH000017,BANK0000024,2025-10-17,2025-10-09,71537.61,73822.15,75210.8,1465.36,295,Shopee Digital MY  608631,SHOPEE DIGITAL MY 608631,0,-2284.5399999999936,2284.5399999999936,0.0319348102347841,-0.0314350641018013,76.70999999999185,8,8,0,0.2,0.4878048780487805,1,5.69035945432406,0.019483372068904995,1
BATCH000017,BANK0000027,2025-10-17,2025-10-26,71537.61,67612.9,75210.8,1465.36,295,SP Settlement  356193,SP SETTLEMENT 356193,0,3924.7100000000064,3924.7100000000064,0.05486219067145249,0.05642372073889845,6132.540000000008,-9,9,1,0.25,0.7027027027027027,1,5.69035945432406,0.019483372068904995,1
BATCH000018,BANK0000003,2025-10-19,2025-10-20,33420.93,33420.93,36635.03,2192.06,152,SHOPEE-PAYOUT    379391,SHOPEE PAYOUT 379391,1,0.0,0.0,0.0,0.0,1022.0400000000009,-1,1,0,0.25,0.43243243243243246,1,5.030437921392435,0.0598350813415466,1
BATCH000019,BANK0000027,2025-10-20,2025-10-26,58993.37,67612.9,62330.67,1487.21,253,SP Settlement  356193,SP SETTLEMENT 356193,0,-8619.529999999992,8619.529999999992,0.1461101476318439,-0.13637156758975877,6769.439999999995,-6,6,1,0.25,0.7027027027027027,1,5.537334267018537,0.023860003430093084,1
BATCH000019,BANK0000058,2025-10-20,2025-10-21,58993.37,58993.37,62330.67,1487.21,253,shopee digital  884688,SHOPEE DIGITAL 884688,1,0.0,0.0,0.0,0.0,1850.0899999999965,-1,1,0,0.25,0.47368421052631576,1,5.537334267018537,0.023860003430093084,1
BATCH000020,BANK0000018,2025-10-25,2025-10-18,86911.0,77357.22,92018.46,2384.01,346,SP Settlement  852393,SP SETTLEMENT 852393,0,9553.779999999999,9553.779999999999,0.10992601626951708,0.11644927092299184,12277.23000000001,7,7,1,0.25,0.7027027027027027,1,5.849324779946859,0.025907953686684172,1
BATCH000020,BANK0000050,2025-10-25,2025-10-26,86911.0,86911.0,92018.46,2384.01,346,SHOPEE-PAYOUT  132126,SHOPEE PAYOUT 132126,1,0.0,0.0,0.0,0.0,2723.4500000000116,-1,1,1,0.25,0.43243243243243246,1,5.849324779946859,0.025907953686684172,1
BATCH000020,BANK0000057,2025-10-25,2025-11-02,86911.0,82190.24,92018.46,2384.01,346,Shopee  Payout    268757,SHOPEE PAYOUT 268757,0,4720.759999999995,4720.759999999995,0.054317175041133973,0.05584738545602441,7444.210000000006,-8,8,1,0.25,0.43243243243243246,1,5.849324779946859,0.025907953686684172,1
BATCH000021,BANK0000018,2025-10-26,2025-10-18,67612.9,77357.22,71749.54,1885.37,269,SP Settlement  852393,SP SETTLEMENT 852393,0,-9744.320000000007,9744.320000000007,0.1441192435171396,-0.13463325835965456,7493.050000000003,8,8,1,0.25,0.7027027027027027,1,5.598421958998375,0.02627710226434901,1
BATCH000021,BANK0000027,2025-10-26,2025-10-26,67612.9,67612.9,71749.54,1885.37,269,SP Settlement  356193,SP SETTLEMENT 356193,1,0.0,0.0,0.0,0.0,2251.270000000004,0,0,1,0.25,0.7027027027027027,1,5.598421958998375,0.02627710226434901,1
BATCH000021,BANK0000055,2025-10-26,2025-10-29,67612.9,68247.77,71749.54,1885.37,269,sHOPEE dIGITAL my-508437,SHOPEE DIGITAL MY 508437,0,-634.8700000000099,634.8700000000099,0.009389776211344432,-0.009345828711118997,1616.3999999999942,-3,3,0,0.2,0.4878048780487805,1,5.598421958998375,0.02627710226434901,1
BATCH000021,BANK0000058,2025-10-26,2025-10-21,67612.9,58993.37,71749.54,1885.37,269,shopee digital  884688,SHOPEE DIGITAL 884688,0,8619.529999999992,8619.529999999992,0.12748351276161787,0.13637156758975877,10870.799999999996,5,5,0,0.25,0.47368421052631576,1,5.598421958998375,0.02627710226434901,1
BATCH000022,BANK0000018,2025-10-28,2025-10-18,68247.77,77357.22,72089.02,1516.07,260,SP Settlement  852393,SP SETTLEMENT 852393,0,-9109.449999999997,9109.449999999997,0.13347615607074043,-0.12528742964853556,6784.270000000004,10,10,1,0.25,0.7027027027027027,1,5.564520407322694,0.021030525869265525,1
BATCH000022,BANK0000027,2025-10-28,2025-10-26,68247.77,67612.9,72089.02,1516.07,260,SP Settlement  356193,SP SETTLEMENT 356193,0,634.8700000000099,634.8700000000099,0.009302428489605006,0.009345828711118997,2960.050000000003,2,2,1,0.25,0.7027027027027027,1,5.564520407322694,0.021030525869265525,1
BATCH000022,BANK0000055,2025-10-28,2025-10-29,68247.77,68247.77,72089.02,1516.07,260,sHOPEE dIGITAL my-508437,SHOPEE DIGITAL MY 508437,1,0.0,0.0,0.0,0.0,2325.179999999993,-1,1,0,0.2,0.4878048780487805,1,5.564520407322694,0.021030525869265525,1
BATCH000022,BANK0000058,2025-10-28,2025-10-21,68247.77,58993.37,72089.02,1516.07,260,shopee digital  884688,SHOPEE DIGITAL 884688,0,9254.400000000001,9254.400000000001,0.13560003499015427,0.14571739630087777,11579.579999999994,7,7,0,0.25,0.47368421052631576,1,5.564520407322694,0.021030525869265525,1
BATCH000022,BANK0000070,2025-10-28,2025-11-07,68247.77,76691.65,72089.02,1516.07,260,SP Settlement 578680,SP SETTLEMENT 578680,0,-8443.87999999999,8443.87999999999,0.12372389603352592,-0.11664646395586153,6118.699999999997,-10,10,0,0.25,0.7027027027027027,1,5.564520407322694,0.021030525869265525,1
BATCH000023,BANK0000050,2025-11-01,2025-10-26,82185.24,86911.0,87863.05,2913.91,333,SHOPEE-PAYOUT  132126,SHOPEE PAYOUT 132126,0,-4725.759999999995,4725.759999999995,0.05750132262192085,-0.055908221040089856,1961.8600000000006,6,6,1,0.25,0.43243243243243246,1,5.811140992976701,0.033164225462239245,1
BATCH000023,BANK0000057,2025-11-01,2025-11-02,82185.24,82190.24,87863.05,2913.91,333,Shopee  Payout    268757,SHOPEE PAYOUT 268757,1,-5.0,5.0,6.083817483528672e-05,-6.083558406544398e-05,2758.899999999994,-1,1,1,0.25,0.43243243243243246,1,5.811140992976701,0.033164225462239245,1
BATCH000023,BANK0000070,2025-11-01,2025-11-07,82185.24,76691.65,87863.05,2913.91,333,SP Settlement 578680,SP SETTLEMENT 578680,0,5493.590000000011,5493.590000000011,0.0668439977786767,0.06918201557557602,8257.490000000005,-6,6,0,0.25,0.7027027027027027,1,5.811140992976701,0.033164225462239245,1
BATCH000024,BANK0000028,2025-11-02,2025-11-02,33713.54,33713.54,36878.04,2019.39,142,Shopee Payout693762,SHOPEE PAYOUT693762,1,0.0,0.0,0.0,0.0,1145.1100000000006,0,0,1,0.3333333333333333,0.4444444444444444,1,4.962844630259907,0.0547586043076042,1
BATCH000025,BANK0000060,2025-11-04,2025-11-04,40901.55,40899.55,43358.09,1137.76,171,sp sETTLEMENT614985,SP SETTLEMENT614985,1,2.0,2.0,4.88979024022317e-05,4.8897902411582095e-05,1320.7799999999916,0,0,0,0.0,0.7222222222222222,1,5.147494476813453,0.026241008310098533,1
BATCH000026,BANK0000008,2025-11-06,2025-11-15,76691.65,80418.75,82015.75,2786.3,310,sp sETTLEMENT  495869,SP SETTLEMENT 495869,0,-3727.100000000006,3727.100000000006,0.048598511050420824,-0.04745391690435241,1189.300000000003,-9,9,1,0.25,0.7027027027027027,1,5.739792912179234,0.033972743040208746,1
BATCH000026,BANK0000010,2025-11-06,2025-11-15,76691.65,78489.82,82015.75,2786.3,310,SH0PEE DIGITAL-675070,SH0PEE DIGITAL 675070,0,-1798.1700000000128,1798.1700000000128,0.023446750721884495,-0.023175799394364205,739.6299999999901,-9,9,1,0.0,0.42105263157894735,1,5.739792912179234,0.033972743040208746,1
BATCH000026,BANK0000055,2025-11-06,2025-10-29,76691.65,68247.77,82015.75,2786.3,310,sHOPEE dIGITAL my-508437,SHOPEE DIGITAL MY 508437,0,8443.87999999999,8443.87999999999,0.11010168642870496,0.11664646395586153,10981.679999999993,8,8,0,0.2,0.4878048780487805,1,5.739792912179234,0.033972743040208746,1
BATCH000026,BANK0000057,2025-11-06,2025-11-02,76691.65,82190.24,82015.75,2786.3,310,Shopee  Payout    268757,SHOPEE PAYOUT 268757,0,-5498.590000000011,5498.590000000011,0.07169737513797149,-0.06924285115964146,2960.790000000008,4,4,1,0.25,0.43243243243243246,1,5.739792912179234,0.033972743040208746,1
BATCH000026,BANK0000066,2025-11-06,2025-11-13,76691.65,77235.74,82015.75,2786.3,310,SP  Settlement    246092,SP SETTLEMENT 246092,0,-544.0900000000111,544.0900000000111,0.007094514200698656,-0.0070693746782755085,1993.7099999999919,-7,7,0,0.25,0.7027027027027027,1,5.739792912179234,0.033972743040208746,1
BATCH000026,BANK0000070,2025-11-06,2025-11-07,76691.65,76691.65,82015.75,2786.3,310,SP Settlement 578680,SP SETTLEMENT 578680,1,0.0,0.0,0.0,0.0,2537.800000000003,-1,1,0,0.25,0.7027027027027027,1,5.739792912179234,0.033972743040208746,1
BATCH000027,BANK0000025,2025-11-08,2025-11-08,59868.25,59868.25,63443.29,1598.84,246,SHOPEE DIGITAL-253539,SHOPEE DIGITAL 253539,1,0.0,0.0,0.0,0.0,1976.2000000000044,0,0,1,0.25,0.47368421052631576,1,5.5093883366279774,0.02520108903557807,1
BATCH000027,BANK0000055,2025-11-08,2025-10-29,59868.25,68247.77,63443.29,1598.84,246,sHOPEE dIGITAL my-508437,SHOPEE DIGITAL MY 508437,0,-8379.520000000004,8379.520000000004,0.13996600869409084,-0.1309963942079957,6403.32,10,10,0,0.2,0.4878048780487805,1,5.5093883366279774,0.02520108903557807,1
BATCH000028,BANK0000008,2025-11-13,2025-11-15,77393.16,80418.75,81516.49,1593.17,315,sp sETTLEMENT  495869,SP SETTLEMENT 495869,0,-3025.5899999999965,3025.5899999999965,0.03909376487534553,-0.0383484672322254,495.429999999993,-2,2,1,0.25,0.7027027027027027,1,5.755742213586912,0.01954414376772111,1
BATCH000028,BANK0000010,2025-11-13,2025-11-15,77393.16,78489.82,81516.49,1593.17,315,SH0PEE DIGITAL-675070,SH0PEE DIGITAL 675070,0,-1096.6600000000035,1096.6600000000035,0.014169986081457373,-0.014070349722237196,1433.5,-2,2,1,0.0,0.42105263157894735,1,5.755742213586912,0.01954414376772111,1
BATCH000028,BANK0000066,2025-11-13,2025-11-13,77393.16,77235.74,81516.49,1593.17,315,SP  Settlement    246092,SP SETTLEMENT 246092,1,157.41999999999825,157.41999999999825,0.002034029880676771,0.0020360749938515,2687.5800000000017,0,0,0,0.25,0.7027027027027027,1,5.755742213586912,0.01954414376772111,1
BATCH000028,BANK0000070,2025-11-13,2025-11-07,77393.16,76691.65,81516.49,1593.17,315,SP Settlement 578680,SP SETTLEMENT 578680,0,701.5100000000093,701.5100000000093,0.009064237718165395,0.009105449672127008,3231.670000000013,6,6,0,0.25,0.7027027027027027,1,5.755742213586912,0.01954414376772111,1
BATCH000029,BANK0000008,2025-11-14,2025-11-15,78489.82,80418.75,83434.5,2295.73,321,sp sETTLEMENT  495869,SP SETTLEMENT 495869,0,-1928.929999999993,1928.929999999993,0.024575543681970385,-0.024278117509988206,720.0200000000041,-1,1,1,0.25,0.7027027027027027,1,5.7745515455444085,0.02751535635738214,1
BATCH000029,BANK0000010,2025-11-14,2025-11-15,78489.82,78489.82,83434.5,2295.73,321,SH0PEE DIGITAL-675070,SH0PEE DIGITAL 675070,1,0.0,0.0,0.0,0.0,2648.949999999997,-1,1,1,0.0,0.42105263157894735,1,5.7745515455444085,0.02751535635738214,1
BATCH000029,BANK0000066,2025-11-14,2025-11-13,78489.82,77235.74,83434.5,2295.73,321,SP  Settlement    246092,SP SETTLEMENT 246092,0,1254.0800000000017,1254.0800000000017,0.015977613402604333,0.016106424716088696,3903.029999999999,1,1,0,0.25,0.7027027027027027,1,5.7745515455444085,0.02751535635738214,1
BATCH000029,BANK0000070,2025-11-14,2025-11-07,78489.82,76691.65,83434.5,2295.73,321,SP Settlement 578680,SP SETTLEMENT 578680,0,1798.1700000000128,1798.1700000000128,0.022909595155142574,0.023175799394364205,4447.12000000001,7,7,0,0.25,0.7027027027027027,1,5.7745515455444085,0.02751535635738214,1
BATCH000030,BANK0000008,2025-11-15,2025-11-15,80418.75,80418.75,84551.59,1652.03,328,sp sETTLEMENT  495869,SP SETTLEMENT 495869,1,0.0,0.0,0.0,0.0,2480.8099999999977,0,0,1,0.25,0.7027027027027027,1,5.796057750765372,0.01953872186200165,1
BATCH000030,BANK0000010,2025-11-15,2025-11-15,80418.75,78489.82,84551.59,1652.03,328,SH0PEE DIGITAL-675070,SH0PEE DIGITAL 675070,0,1928.929999999993,1928.929999999993,0.023986072899665725,0.024278117509988206,4409.739999999991,0,0,1,0.0,0.42105263157894735,1,5.796057750765372,0.01953872186200165,1
BATCH000030,BANK0000066,2025-11-15,2025-11-13,80418.75,77235.74,84551.59,1652.03,328,SP  Settlement    246092,SP SETTLEMENT 246092,0,3183.0099999999948,3183.0099999999948,0.03958044610243251,0.0403845422260769,5663.819999999992,2,2,0,0.25,0.7027027027027027,1,5.796057750765372,0.01953872186200165,1
BATCH000030,BANK0000070,2025-11-15,2025-11-07,80418.75,76691.65,84551.59,1652.03,328,SP Settlement 578680,SP SETTLEMENT 578680,0,3727.100000000006,3727.100000000006,0.04634615683531522,0.04745391690435241,6207.9100000000035,8,8,0,0.25,0.7027027027027027,1,5.796057750765372,0.01953872186200165,1
BATCH000032,BANK0000031,2025-11-19,2025-11-19,116733.85,116733.85,122876.36,2674.08,495,SH0PEE DIGITAL  645842,SH0PEE DIGITAL 645842,1,0.0,0.0,0.0,0.0,3468.429999999993,0,0,0,0.0,0.42105263157894735,1,6.206575926724928,0.021762363403343,1
BATCH000033,BANK0000002,2025-11-23,2025-11-24,98605.95,98605.95,105459.31,3645.33,401,SP Settlement  341607,SP SETTLEMENT 341607,1,0.0,0.0,0.0,0.0,3208.029999999999,-1,1,0,0.25,0.7027027027027027,1,5.996452088619021,0.034566222745056836,1
BATCH000034,BANK0000009,2025-11-26,2025-12-03,78026.57,75659.75,82947.24,2292.67,312,sp sETTLEMENT702338,SP SETTLEMENT702338,0,2366.820000000007,2366.820000000007,0.030333513314759405,0.030802693851843088,4994.820000000007,-7,7,0,0.0,0.7222222222222222,1,5.746203190540153,0.027640099899647053,1
BATCH000034,BANK0000032,2025-11-26,2025-11-27,78026.57,78026.57,82947.24,2292.67,312,shopee digital735472,SHOPEE DIGITAL735472,1,0.0,0.0,0.0,0.0,2628.0,-1,1,0,0.3333333333333333,0.4864864864864865,1,5.746203190540153,0.027640099899647053,1
BATCH000034,BANK0000037,2025-11-26,2025-12-01,78026.57,80748.32,82947.24,2292.67,312,sHOPEE pAYOUT  666883,SHOPEE PAYOUT 666883,0,-2721.75,2721.75,0.03488234841029152,-0.03428731523943718,93.75,-5,5,0,0.25,0.43243243243243246,1,5.746203190540153,0.027640099899647053,1
BATCH000036,BANK0000009,2025-11-30,2025-12-03,80748.32,75659.75,86613.01,3346.41,336,sp sETTLEMENT702338,SP SETTLEMENT702338,0,5088.570000000007,5088.570000000007,0.06301765782867069,0.06509000909128027,7606.849999999991,-3,3,0,0.0,0.7222222222222222,1,5.820082930352362,0.03863634343154683,1
BATCH000036,BANK0000032,2025-11-30,2025-11-27,80748.32,78026.57,86613.01,3346.41,336,shopee digital735472,SHOPEE DIGITAL735472,0,2721.75,2721.75,0.033706583616848,0.03428731523943718,5240.029999999984,3,3,0,0.3333333333333333,0.4864864864864865,1,5.820082930352362,0.03863634343154683,1
BATCH000036,BANK0000037,2025-11-30,2025-12-01,80748.32,80748.32,86613.01,3346.41,336,sHOPEE pAYOUT  666883,SHOPEE PAYOUT 666883,1,0.0,0.0,0.0,0.0,2518.2799999999843,-1,1,0,0.25,0.43243243243243246,1,5.820082930352362,0.03863634343154683,1
BATCH000037,BANK0000009,2025-12-02,2025-12-03,75659.75,75659.75,80359.42,2194.46,316,sp sETTLEMENT702338,SP SETTLEMENT702338,1,0.0,0.0,0.0,0.0,2505.209999999992,-1,1,0,0.0,0.7222222222222222,1,5.75890177387728,0.027308061705771398,1
BATCH000037,BANK0000032,2025-12-02,2025-11-27,75659.75,78026.57,80359.42,2194.46,316,shopee digital735472,SHOPEE DIGITAL735472,0,-2366.820000000007,2366.820000000007,0.03128241898763883,-0.030802693851843088,138.38999999998487,5,5,0,0.3333333333333333,0.4864864864864865,1,5.75890177387728,0.027308061705771398,1
BATCH000037,BANK0000037,2025-12-02,2025-12-01,75659.75,80748.32,80359.42,2194.46,316,sHOPEE pAYOUT  666883,SHOPEE PAYOUT 666883,0,-5088.570000000007,5088.570000000007,0.06725597163617389,-0.06509000909128027,2583.360000000015,1,1,0,0.25,0.43243243243243246,1,5.75890177387728,0.027308061705771398,1
BATCH000038,BANK0000002,2025-12-04,2025-11-24,105163.4,98605.95,110394.39,2073.86,435,SP Settlement  341607,SP SETTLEMENT 341607,0,6557.449999999997,6557.449999999997,0.06235486870907557,0.06438309405062803,9714.580000000002,10,10,0,0.25,0.7027027027027027,1,6.077642243349034,0.018785918378642248,1
BATCH000038,BANK0000019,2025-12-04,2025-12-07,105163.4,105163.4,110394.39,2073.86,435,sHOPEE dIGITAL my 115296,SHOPEE DIGITAL MY 115296,1,0.0,0.0,0.0,0.0,3157.1300000000047,-3,3,1,0.2,0.4878048780487805,1,6.077642243349034,0.018785918378642248,1
BATCH000038,BANK0000069,2025-12-04,2025-12-12,105163.4,104353.64,110394.39,2073.86,435,shopee-payout-857812,SHOPEE PAYOUT 857812,0,809.7599999999948,809.7599999999948,0.007700017306401227,0.007729741715619909,3966.8899999999994,-8,8,0,0.25,0.43243243243243246,1,6.077642243349034,0.018785918378642248,1
BATCH000039,BANK0000019,2025-12-11,2025-12-07,104353.64,105163.4,110130.04,2461.21,429,sHOPEE dIGITAL my 115296,SHOPEE DIGITAL MY 115296,0,-809.7599999999948,809.7599999999948,0.007759767651612294,-0.007729741715619909,2505.429999999993,4,4,1,0.2,0.4878048780487805,1,6.063785208687608,0.022348216708175172,1
BATCH000039,BANK0000069,2025-12-11,2025-12-12,104353.64,104353.64,110130.04,2461.21,429,shopee-payout-857812,SHOPEE PAYOUT 857812,1,0.0,0.0,0.0,0.0,3315.189999999988,-1,1,0,0.25,0.43243243243243246,1,6.063785208687608,0.022348216708175172,1
BATCH000040,BANK0000019,2025-12-13,2025-12-07,108515.55,105163.4,115702.79,3527.8,457,sHOPEE dIGITAL my 115296,SHOPEE DIGITAL MY 115296,0,3352.1500000000087,3352.1500000000087,0.03089096447467675,0.03137785591995801,7011.5899999999965,6,6,1,0.2,0.4878048780487805,1,6.126869184114185,0.030490189562412458,1
BATCH000040,BANK0000069,2025-12-13,2025-12-12,108515.55,104353.64,115702.79,3527.8,457,shopee-payout-857812,SHOPEE PAYOUT 857812,0,4161.9100000000035,4161.9100000000035,0.03835312082001154,0.03910759763557792,7821.349999999991,1,1,0,0.25,0.43243243243243246,1,6.126869184114185,0.030490189562412458,1
BATCH000041,BANK0000009,2025-12-13,2025-12-03,80530.89,75659.75,85544.5,2373.03,322,sp sETTLEMENT702338,SP SETTLEMENT702338,0,4871.139999999999,4871.139999999999,0.06048784509894277,0.06239372312311886,7511.720000000001,10,10,0,0.0,0.7222222222222222,1,5.777652323222656,0.027740298908755096,1
BATCH000041,BANK0000036,2025-12-13,2025-12-13,80530.89,80530.89,85544.5,2373.03,322,sp sETTLEMENT  233412,SP SETTLEMENT 233412,1,0.0,0.0,0.0,0.0,2640.5800000000017,0,0,1,0.25,0.7027027027027027,1,5.777652323222656,0.027740298908755096,1
BATCH000042,BANK0000033,2025-12-17,2025-12-18,53979.3,53979.3,57980.13,2192.99,220,SHOPEE DIGITAL  447579,SHOPEE DIGITAL 447579,1,0.0,0.0,0.0,0.0,1807.8399999999965,-1,1,0,0.25,0.47368421052631576,1,5.3981627015177525,0.037823130096465804,1
BATCH000042,BANK0000049,2025-12-17,2025-12-26,53979.3,51945.1,57980.13,2192.99,220,sp sETTLEMENT  294077,SP SETTLEMENT 294077,0,2034.2000000000044,2034.2000000000044,0.03768481621658681,0.03841252264596129,3842.040000000001,-9,9,0,0.25,0.7027027027027027,1,5.3981627015177525,0.037823130096465804,1
BATCH000043,BANK0000011,2025-12-19,2025-12-20,41866.94,41862.94,44178.36,946.32,170,shopee digital-386255,SHOPEE DIGITAL 386255,1,4.0,4.0,9.554077752040153e-05,9.554305965764343e-05,1369.0999999999985,-1,1,1,0.25,0.47368421052631576,1,5.14166355650266,0.021420442044476073,1
BATCH000044,BANK0000038,2025-12-24,2026-01-03,94981.87,97192.72,100790.86,2618.09,389,sHOPEE pAYOUT-712321,SHOPEE PAYOUT 712321,0,-2210.850000000006,2210.850000000006,0.023276547408468646,-0.023009540773420767,980.0500000000029,-10,10,1,0.25,0.43243243243243246,1,5.966146739123692,0.025975470394835404,1
BATCH000044,BANK0000053,2025-12-24,2025-12-25,94981.87,91381.16,100790.86,2618.09,389,SHOPEE-PAYOUT837446,SHOPEE PAYOUT837446,0,3600.709999999992,3600.709999999992,0.03790944524465555,0.038646286139004005,6791.610000000001,-1,1,0,0.3333333333333333,0.4444444444444444,1,5.966146739123692,0.025975470394835404,1
BATCH000045,BANK0000038,2025-12-25,2026-01-03,91381.16,97192.72,97806.71,3421.44,379,sHOPEE pAYOUT-712321,SHOPEE PAYOUT 712321,0,-5811.559999999998,5811.559999999998,0.06359691647600006,-0.06165582691242477,2807.449999999997,-9,9,1,0.25,0.43243243243243246,1,5.940171252720432,0.03498164900956181,1
BATCH000045,BANK0000053,2025-12-25,2025-12-25,91381.16,91381.16,97806.71,3421.44,379,SHOPEE-PAYOUT837446,SHOPEE PAYOUT837446,1,0.0,0.0,0.0,0.0,3004.1100000000006,0,0,0,0.3333333333333333,0.4444444444444444,1,5.940171252720432,0.03498164900956181,1
BATCH000046,BANK0000001,2025-12-26,2025-12-30,51945.1,58896.94,54927.09,1339.01,217,Shopee Payout250940,SHOPEE PAYOUT250940,0,-6951.840000000004,6951.840000000004,0.13383052491957864,-0.12559947297042662,5308.860000000008,-4,4,0,0.3333333333333333,0.4444444444444444,1,5.384495062789089,0.02437795266415898,1
BATCH000046,BANK0000033,2025-12-26,2025-12-18,51945.1,53979.3,54927.09,1339.01,217,SHOPEE DIGITAL  447579,SHOPEE DIGITAL 447579,0,-2034.2000000000044,2034.2000000000044,0.03916057529969149,-0.03841252264596129,391.22000000000844,8,8,0,0.25,0.47368421052631576,1,5.384495062789089,0.02437795266415898,1
BATCH000046,BANK0000049,2025-12-26,2025-12-26,51945.1,51945.1,54927.09,1339.01,217,sp sETTLEMENT  294077,SP SETTLEMENT 294077,1,0.0,0.0,0.0,0.0,1642.979999999996,0,0,0,0.25,0.7027027027027027,1,5.384495062789089,0.02437795266415898,1
BATCH000046,BANK0000001_DUP,2025-12-26,2025-12-30,51945.1,58896.94,54927.09,1339.01,217,Shopee Payout250940,SHOPEE PAYOUT250940,0,-6951.840000000004,6951.840000000004,0.13383052491957864,-0.12559947297042662,5308.860000000008,-4,4,0,0.3333333333333333,0.4444444444444444,1,5.384495062789089,0.02437795266415898,1
BATCH000047,BANK0000001,2025-12-30,2025-12-30,58896.94,58896.94,62595.08,1726.82,247,Shopee Payout250940,SHOPEE PAYOUT250940,1,0.0,0.0,0.0,0.0,1971.3199999999997,0,0,0,0.3333333333333333,0.4444444444444444,1,5.5134287461649825,0.027587152217075205,1
BATCH000047,BANK0000047,2025-12-30,2026-01-03,58896.94,61378.32,62595.08,1726.82,247,SP Settlement  833094,SP SETTLEMENT 833094,0,-2481.3799999999974,2481.3799999999974,0.04213088150250246,-0.041266855090203336,510.0599999999977,-4,4,1,0.25,0.7027027027027027,1,5.5134287461649825,0.027587152217075205,1
BATCH000047,BANK0000049,2025-12-30,2025-12-26,58896.94,51945.1,62595.08,1726.82,247,sp sETTLEMENT  294077,SP SETTLEMENT 294077,0,6951.840000000004,6951.840000000004,0.11803397595868315,0.12559947297042662,8923.160000000003,4,4,0,0.25,0.7027027027027027,1,5.5134287461649825,0.027587152217075205,1
BATCH000047,BANK0000001_DUP,2025-12-30,2025-12-30,58896.94,58896.94,62595.08,1726.82,247,Shopee Payout250940,SHOPEE PAYOUT250940,0,0.0,0.0,0.0,0.0,1971.3199999999997,0,0,0,0.3333333333333333,0.4444444444444444,1,5.5134287461649825,0.027587152217075205,1
BATCH000048,BANK0000007,2026-01-02,2026-01-07,97192.72,86065.5,103034.5,2794.64,406,sHOPEE pAYOUT 860212,SHOPEE PAYOUT 860212,0,11127.220000000001,11127.220000000001,0.11448614669905319,0.12158584706642905,14174.36,-5,5,0,0.25,0.43243243243243246,1,6.008813185442595,0.02712334218150231,1
BATCH000048,BANK0000026,2026-01-02,2026-01-12,97192.72,95126.08,103034.5,2794.64,406,Shopee Digital MY 981551,SHOPEE DIGITAL MY 981551,0,2066.6399999999994,2066.6399999999994,0.021263320956549002,0.021492418417013326,5113.779999999999,-10,10,0,0.2,0.4878048780487805,1,6.008813185442595,0.02712334218150231,1
BATCH000048,BANK0000038,2026-01-02,2026-01-03,97192.72,97192.72,103034.5,2794.64,406,sHOPEE pAYOUT-712321,SHOPEE PAYOUT 712321,1,0.0,0.0,0.0,0.0,3047.1399999999994,-1,1,1,0.25,0.43243243243243246,1,6.008813185442595,0.02712334218150231,1
BATCH000048,BANK0000053,2026-01-02,2025-12-25,97192.72,91381.16,103034.5,2794.64,406,SHOPEE-PAYOUT837446,SHOPEE PAYOUT837446,0,5811.559999999998,5811.559999999998,0.05979419034676669,0.06165582691242477,8858.699999999997,8,8,0,0.3333333333333333,0.4444444444444444,1,6.008813185442595,0.02712334218150231,1
BATCH000049,BANK0000001,2026-01-03,2025-12-30,61378.32,58896.94,65364.64,1898.21,259,Shopee Payout250940,SHOPEE PAYOUT250940,0,2481.3799999999974,2481.3799999999974,0.04042762982108336,0.041266855090203336,4569.489999999998,4,4,0,0.3333333333333333,0.4444444444444444,1,5.560681631015528,0.029040319047117832,1
BATCH000049,BANK0000021,2026-01-03,2026-01-11,61378.32,59557.5,65364.64,1898.21,259,Shopee Payout-601819,SHOPEE PAYOUT 601819,0,1820.8199999999997,1820.8199999999997,0.02966552359204357,0.03011394779205645,3908.9300000000003,-8,8,1,0.25,0.43243243243243246,1,5.560681631015528,0.029040319047117832,1
BATCH000049,BANK0000047,2026-01-03,2026-01-03,61378.32,61378.32,65364.64,1898.21,259,SP Settlement  833094,SP SETTLEMENT 833094,1,0.0,0.0,0.0,0.0,2088.1100000000006,0,0,1,0.25,0.7027027027027027,1,5.560681631015528,0.029040319047117832,1
BATCH000049,BANK0000001_DUP,2026-01-03,2025-12-30,61378.32,58896.94,65364.64,1898.21,259,Shopee Payout250940,SHOPEE PAYOUT250940,0,2481.3799999999974,2481.3799999999974,0.04042762982108336,0.041266855090203336,4569.489999999998,4,4,0,0.3333333333333333,0.4444444444444444,1,5.560681631015528,0.029040319047117832,1
BATCH000050,BANK0000007,2026-01-06,2026-01-07,86065.5,86065.5,92468.5,3420.33,352,sHOPEE pAYOUT 860212,SHOPEE PAYOUT 860212,1,0.0,0.0,0.0,0.0,2982.6699999999983,-1,1,0,0.25,0.43243243243243246,1,5.8664680569332965,0.03698913684119457,1
BATCH000050,BANK0000026,2026-01-06,2026-01-12,86065.5,95126.08,92468.5,3420.33,352,Shopee Digital MY 981551,SHOPEE DIGITAL MY 981551,0,-9060.580000000002,9060.580000000002,0.10527540071224825,-0.10009342864941573,6077.9100000000035,-6,6,0,0.2,0.4878048780487805,1,5.8664680569332965,0.03698913684119457,1
BATCH000050,BANK0000038,2026-01-06,2026-01-03,86065.5,97192.72,92468.5,3420.33,352,sHOPEE pAYOUT-712321,SHOPEE PAYOUT 712321,0,-11127.220000000001,11127.220000000001,0.12928780986574182,-0.12158584706642905,8144.550000000003,3,3,1,0.25,0.43243243243243246,1,5.8664680569332965,0.03698913684119457,1
BATCH000050,BANK0000052,2026-01-06,2026-01-07,86065.5,81769.8,92468.5,3420.33,352,sHOPEE dIGITAL my-730443,SHOPEE DIGITAL MY 730443,0,4295.699999999997,4295.699999999997,0.0499119856388448,0.05120004159398839,7278.369999999995,-1,1,0,0.2,0.4878048780487805,1,5.8664680569332965,0.03698913684119457,1
BATCH000051,BANK0000007,2026-01-06,2026-01-07,81769.8,86065.5,87544.33,3030.0,338,sHOPEE pAYOUT 860212,SHOPEE PAYOUT 860212,0,-4295.699999999997,4295.699999999997,0.05253406514385503,-0.05120004159398839,1551.1699999999983,-1,1,0,0.25,0.43243243243243246,1,5.82600010738045,0.03461103648859955,1
BATCH000051,BANK0000052,2026-01-06,2026-01-07,81769.8,81769.8,87544.33,3030.0,338,sHOPEE dIGITAL my-730443,SHOPEE DIGITAL MY 730443,1,0.0,0.0,0.0,0.0,2744.529999999999,-1,1,0,0.2,0.4878048780487805,1,5.82600010738045,0.03461103648859955,1
BATCH000052,BANK0000021,2026-01-10,2026-01-11,59557.5,59557.5,64105.8,2637.3,261,Shopee Payout-601819,SHOPEE PAYOUT 601819,1,0.0,0.0,0.0,0.0,1911.0,-1,1,1,0.25,0.43243243243243246,1,5.568344503761097,0.0411398032627313,1
BATCH000052,BANK0000035,2026-01-10,2026-01-20,59557.5,57760.83,64105.8,2637.3,261,sH0PEE dIGITAL my571793,SH0PEE DIGITAL MY571793,0,1796.6699999999983,1796.6699999999983,0.030166981488477494,0.030630845902793524,3707.6699999999983,-10,10,0,0.0,0.45,1,5.568344503761097,0.0411398032627313,1
BATCH000052,BANK0000047,2026-01-10,2026-01-03,59557.5,61378.32,64105.8,2637.3,261,SP Settlement  833094,SP SETTLEMENT 833094,0,-1820.8199999999997,1820.8199999999997,0.03057247198085883,-0.03011394779205645,90.18000000000029,7,7,1,0.25,0.7027027027027027,1,5.568344503761097,0.0411398032627313,1
BATCH000053,BANK0000007,2026-01-12,2026-01-07,95126.08,86065.5,101781.18,3565.89,397,sHOPEE pAYOUT 860212,SHOPEE PAYOUT 860212,0,9060.580000000002,9060.580000000002,0.09524811702532052,0.10009342864941573,12149.789999999994,5,5,0,0.25,0.43243243243243246,1,5.986452005284438,0.035034865974240034,1
BATCH000053,BANK0000026,2026-01-12,2026-01-12,95126.08,95126.08,101781.18,3565.89,397,Shopee Digital MY 981551,SHOPEE DIGITAL MY 981551,1,0.0,0.0,0.0,0.0,3089.209999999992,0,0,0,0.2,0.4878048780487805,1,5.986452005284438,0.035034865974240034,1
BATCH000053,BANK0000038,2026-01-12,2026-01-03,95126.08,97192.72,101781.18,3565.89,397,sHOPEE pAYOUT-712321,SHOPEE PAYOUT 712321,0,-2066.6399999999994,2066.6399999999994,0.021725272396381723,-0.021492418417013326,1022.5699999999924,9,9,1,0.25,0.43243243243243246,1,5.986452005284438,0.035034865974240034,1
BATCH000053,BANK0000052,2026-01-12,2026-01-07,95126.08,81769.8,101781.18,3565.89,397,sHOPEE dIGITAL my-730443,SHOPEE DIGITAL MY 730443,0,13356.279999999999,13356.279999999999,0.14040608001507052,0.15129347024340412,16445.48999999999,5,5,0,0.2,0.4878048780487805,1,5.986452005284438,0.035034865974240034,1
BATCH000054,BANK0000004,2026-01-16,2026-01-22,76245.32,71542.25,81092.57,2260.26,308,SP Settlement  643484,SP SETTLEMENT 643484,0,4703.070000000007,4703.070000000007,0.06168339250199234,0.06366699009821986,7290.060000000012,-6,6,0,0.25,0.7027027027027027,1,5.733341276897746,0.02787259054682815,1
BATCH000054,BANK0000007,2026-01-16,2026-01-07,76245.32,86065.5,81092.57,2260.26,308,sHOPEE pAYOUT 860212,SHOPEE PAYOUT 860212,0,-9820.179999999993,9820.179999999993,0.12879715109071602,-0.12115110123143502,7233.189999999988,9,9,0,0.25,0.43243243243243246,1,5.733341276897746,0.02787259054682815,1
BATCH000054,BANK0000015,2026-01-16,2026-01-17,76245.32,75141.36,81092.57,2260.26,308,Shopee Payout 447257,SHOPEE PAYOUT 447257,1,1103.9600000000064,1103.9600000000064,0.014479052615950805,0.014584704336847665,3690.9500000000116,-1,1,1,0.25,0.43243243243243246,1,5.733341276897746,0.02787259054682815,1
BATCH000054,BANK0000052,2026-01-16,2026-01-07,76245.32,81769.8,81092.57,2260.26,308,sHOPEE dIGITAL my-730443,SHOPEE DIGITAL MY 730443,0,-5524.479999999996,5524.479999999996,0.07245664389630728,-0.06995105963744663,2937.4899999999907,9,9,0,0.2,0.4878048780487805,1,5.733341276897746,0.02787259054682815,1
BATCH000055,BANK0000004,2026-01-17,2026-01-22,64301.55,71542.25,68541.02,2091.52,251,SP Settlement  643484,SP SETTLEMENT 643484,0,-7240.699999999997,7240.699999999997,0.11260537265431388,-0.10670287361852537,5092.75,-5,5,0,0.25,0.7027027027027027,1,5.529429087511423,0.030514865404687584,1
BATCH000055,BANK0000021,2026-01-17,2026-01-11,64301.55,59557.5,68541.02,2091.52,251,Shopee Payout-601819,SHOPEE PAYOUT 601819,0,4744.050000000003,4744.050000000003,0.0737781593134225,0.07664026550007286,6892.0,6,6,1,0.25,0.43243243243243246,1,5.529429087511423,0.030514865404687584,1
BATCH000055,BANK0000035,2026-01-17,2026-01-20,64301.55,57760.83,68541.02,2091.52,251,sH0PEE dIGITAL my571793,SH0PEE DIGITAL MY571793,0,6540.720000000001,6540.720000000001,0.10171947643563803,0.10727111140286638,8688.669999999998,-3,3,0,0.0,0.45,1,5.529429087511423,0.030514865404687584,1
BATCH000055,BANK0000040,2026-01-17,2026-01-21,64301.55,64301.55,68541.02,2091.52,251,Shopee Digital MY 222681,SHOPEE DIGITAL MY 222681,1,0.0,0.0,0.0,0.0,2147.949999999997,-4,4,0,0.2,0.4878048780487805,1,5.529429087511423,0.030514865404687584,1
BATCH000056,BANK0000020,2026-01-18,2026-01-18,37420.41,37420.41,39145.89,512.72,155,shopee-payout  218275,SHOPEE PAYOUT 218275,1,0.0,0.0,0.0,0.0,1212.7599999999948,0,0,1,0.25,0.43243243243243246,1,5.049856007249537,0.013097671300869645,1
BATCH000057,BANK0000021,2026-01-20,2026-01-11,57760.83,59557.5,60281.78,587.09,226,Shopee Payout-601819,SHOPEE PAYOUT 601819,0,-1796.6699999999983,1796.6699999999983,0.031105335570835776,-0.030630845902793524,137.19000000000233,9,9,1,0.25,0.43243243243243246,1,5.424950017481403,0.009739095295460751,1
BATCH000057,BANK0000035,2026-01-20,2026-01-20,57760.83,57760.83,60281.78,587.09,226,sH0PEE dIGITAL my571793,SH0PEE DIGITAL MY571793,1,0.0,0.0,0.0,0.0,1933.8600000000006,0,0,0,0.0,0.45,1,5.424950017481403,0.009739095295460751,1
BATCH000057,BANK0000040,2026-01-20,2026-01-21,57760.83,64301.55,60281.78,587.09,226,Shopee Digital MY 222681,SHOPEE DIGITAL MY 222681,0,-6540.720000000001,6540.720000000001,0.113237984980479,-0.10727111140286638,4606.860000000001,-1,1,0,0.2,0.4878048780487805,1,5.424950017481403,0.009739095295460751,1
BATCH000057,BANK0000045,2026-01-20,2026-01-29,57760.83,53256.9,60281.78,587.09,226,sHOPEE dIGITAL my  622918,SHOPEE DIGITAL MY 622918,0,4503.93,4503.93,0.07797550693090803,0.08118202651490236,6437.790000000001,-9,9,0,0.2,0.4878048780487805,1,5.424950017481403,0.009739095295460751,1
BATCH000058,BANK0000004,2026-01-22,2026-01-22,71542.25,71542.25,76316.26,2489.92,300,SP Settlement  643484,SP SETTLEMENT 643484,1,0.0,0.0,0.0,0.0,2284.0899999999965,0,0,0,0.25,0.7027027027027027,1,5.707110264748875,0.03262633677279259,1
BATCH000058,BANK0000015,2026-01-22,2026-01-17,71542.25,75141.36,76316.26,2489.92,300,Shopee Payout 447257,SHOPEE PAYOUT 447257,0,-3599.1100000000006,3599.1100000000006,0.05030747565249906,-0.04908228576137219,1315.020000000004,5,5,1,0.25,0.43243243243243246,1,5.707110264748875,0.03262633677279259,1
BATCH000058,BANK0000040,2026-01-22,2026-01-21,71542.25,64301.55,76316.26,2489.92,300,Shopee Digital MY 222681,SHOPEE DIGITAL MY 222681,0,7240.699999999997,7240.699999999997,0.1012087263120743,0.10670287361852537,9524.789999999994,1,1,0,0.2,0.4878048780487805,1,5.707110264748875,0.03262633677279259,1
BATCH000059,BANK0000015,2026-01-26,2026-01-17,87756.88,75141.36,94031.99,3385.01,346,Shopee Payout 447257,SHOPEE PAYOUT 447257,0,12615.520000000004,12615.520000000004,0.14375533861276749,0.155197211193018,15505.62000000001,9,9,1,0.25,0.43243243243243246,1,5.849324779946859,0.0359984937041107,1
BATCH000059,BANK0000046,2026-01-26,2026-02-01,87756.88,90785.13,94031.99,3385.01,346,Shopee Digital MY  912447,SHOPEE DIGITAL MY 912447,0,-3028.25,3028.25,0.03450726598302036,-0.033924861751362556,138.14999999999418,-6,6,1,0.2,0.4878048780487805,1,5.849324779946859,0.0359984937041107,1
BATCH000060,BANK0000035,2026-01-28,2026-01-20,53256.9,57760.83,56375.79,1456.82,225,sH0PEE dIGITAL my571793,SH0PEE DIGITAL MY571793,0,-4503.93,4503.93,0.08456988671890403,-0.08118202651490236,2841.8600000000006,8,8,0,0.0,0.45,1,5.420534999272286,0.025841234331261696,1
BATCH000060,BANK0000045,2026-01-28,2026-01-29,53256.9,53256.9,56375.79,1456.82,225,sHOPEE dIGITAL my  622918,SHOPEE DIGITAL MY 622918,1,0.0,0.0,0.0,0.0,1662.0699999999997,-1,1,0,0.2,0.4878048780487805,1,5.420534999272286,0.025841234331261696,1
BATCH000061,BANK0000004,2026-02-01,2026-01-22,64799.92,71542.25,69333.83,2239.04,269,SP Settlement  643484,SP SETTLEMENT 643484,0,-6742.330000000002,6742.330000000002,0.10404843092398883,-0.09898236114124792,4447.459999999992,10,10,0,0.25,0.7027027027027027,1,5.598421958998375,0.03229361481977845,1
BATCH000061,BANK0000012,2026-02-01,2026-02-06,64799.92,62667.76,69333.83,2239.04,269,SHOPEE DIGITAL318834,SHOPEE DIGITAL318834,0,2132.159999999996,2132.159999999996,0.03290374432561022,0.03345672292905988,4427.030000000006,-5,5,0,0.3333333333333333,0.4864864864864865,1,5.598421958998375,0.03229361481977845,1
BATCH000061,BANK0000029,2026-02-01,2026-02-02,64799.92,64463.73,69333.83,2239.04,269,sHOPEE pAYOUT  453141,SHOPEE PAYOUT 453141,1,336.18999999999505,336.18999999999505,0.005188123689041515,0.005201548253522148,2631.060000000005,-1,1,0,0.25,0.43243243243243246,1,5.598421958998375,0.03229361481977845,1
BATCH000061,BANK0000048,2026-02-01,2026-02-06,64799.92,64263.08,69333.83,2239.04,269,Shopee Payout440982,SHOPEE PAYOUT440982,0,536.8399999999965,536.8399999999965,0.008284578129108747,0.00831895705264074,2831.7100000000064,-5,5,0,0.3333333333333333,0.4444444444444444,1,5.598421958998375,0.03229361481977845,1
BATCH000062,BANK0000046,2026-01-31,2026-02-01,90785.13,90785.13,94858.21,1120.4,364,Shopee Digital MY  912447,SHOPEE DIGITAL MY 912447,1,0.0,0.0,0.0,0.0,2952.6800000000076,-1,1,1,0.2,0.4878048780487805,1,5.8998973535824915,0.01181131290586234,1
BATCH000063,BANK0000012,2026-02-05,2026-02-06,64263.08,62667.76,68246.65,1902.38,270,SHOPEE DIGITAL318834,SHOPEE DIGITAL318834,0,1595.3199999999997,1595.3199999999997,0.024824829435501686,0.025137765876419138,3676.5099999999875,-1,1,0,0.3333333333333333,0.4864864864864865,1,5.602118820879701,0.02787506786047374,1
BATCH000063,BANK0000029,2026-02-05,2026-02-02,64263.08,64463.73,68246.65,1902.38,270,sHOPEE pAYOUT  453141,SHOPEE PAYOUT 453141,0,-200.65000000000146,200.65000000000146,0.003122321556949985,-0.003117408799118593,1880.5399999999863,3,3,0,0.25,0.43243243243243246,1,5.602118820879701,0.02787506786047374,1
BATCH000063,BANK0000048,2026-02-05,2026-02-06,64263.08,64263.08,68246.65,1902.38,270,Shopee Payout440982,SHOPEE PAYOUT440982,1,0.0,0.0,0.0,0.0,2081.189999999988,-1,1,0,0.3333333333333333,0.4444444444444444,1,5.602118820879701,0.02787506786047374,1
BATCH000064,BANK0000012,2026-02-05,2026-02-06,62667.76,62667.76,67101.24,2275.69,255,SHOPEE DIGITAL318834,SHOPEE DIGITAL318834,1,0.0,0.0,0.0,0.0,2157.790000000001,-1,1,0,0.3333333333333333,0.4864864864864865,1,5.545177444479562,0.033914276397872825,1
BATCH000064,BANK0000029,2026-02-05,2026-02-02,62667.76,64463.73,67101.24,2275.69,255,sHOPEE pAYOUT  453141,SHOPEE PAYOUT 453141,0,-1795.9700000000012,1795.9700000000012,0.028658595743648745,-0.02825517467553773,361.8199999999997,3,3,0,0.25,0.43243243243243246,1,5.545177444479562,0.033914276397872825,1
BATCH000064,BANK0000048,2026-02-05,2026-02-06,62667.76,64263.08,67101.24,2275.69,255,Shopee Payout440982,SHOPEE PAYOUT440982,0,-1595.3199999999997,1595.3199999999997,0.025456789902814456,-0.025137765876419138,562.4700000000012,-1,1,0,0.3333333333333333,0.4444444444444444,1,5.545177444479562,0.033914276397872825,1
BATCH000065,BANK0000013,2026-02-12,2026-02-14,80355.42,83584.52,86284.65,3342.65,343,SHOPEE-PAYOUT  911161,SHOPEE PAYOUT 911161,0,-3229.100000000006,3229.100000000006,0.04018521712661082,-0.03939830991993709,642.5200000000041,-2,2,1,0.25,0.43243243243243246,1,5.840641657373398,0.03873979902566679,1
BATCH000065,BANK0000059,2026-02-12,2026-02-12,80355.42,80355.42,86284.65,3342.65,343,Shopee Payout  757179,SHOPEE PAYOUT 757179,1,0.0,0.0,0.0,0.0,2586.5800000000017,0,0,0,0.25,0.43243243243243246,1,5.840641657373398,0.03873979902566679,1
BATCH000065,BANK0000065,2026-02-12,2026-02-22,80355.42,90772.08,86284.65,3342.65,343,SHOPEE DIGITAL542843,SHOPEE DIGITAL542843,0,-10416.660000000003,10416.660000000003,0.1296323259837358,-0.12189077645144764,7830.080000000002,-10,10,1,0.3333333333333333,0.4864864864864865,1,5.840641657373398,0.03873979902566679,1
BATCH000066,BANK0000013,2026-02-14,2026-02-14,83584.52,83584.52,88801.9,2464.43,333,SHOPEE-PAYOUT  911161,SHOPEE PAYOUT 911161,1,0.0,0.0,0.0,0.0,2752.949999999997,0,0,1,0.25,0.43243243243243246,1,5.811140992976701,0.02775199629737652,1
BATCH000066,BANK0000059,2026-02-14,2026-02-12,83584.52,80355.42,88801.9,2464.43,333,Shopee Payout  757179,SHOPEE PAYOUT 757179,0,3229.100000000006,3229.100000000006,0.03863275161477275,0.03939830991993709,5982.050000000003,2,2,0,0.25,0.43243243243243246,1,5.811140992976701,0.02775199629737652,1
BATCH000066,BANK0000065,2026-02-14,2026-02-22,83584.52,90772.08,88801.9,2464.43,333,SHOPEE DIGITAL542843,SHOPEE DIGITAL542843,0,-7187.559999999998,7187.559999999998,0.08599152091798813,-0.08249246653151054,4434.610000000001,-8,8,1,0.3333333333333333,0.4864864864864865,1,5.811140992976701,0.02775199629737652,1
BATCH000067,BANK0000012,2026-02-16,2026-02-06,65119.59,62667.76,69118.94,2045.75,272,SHOPEE DIGITAL318834,SHOPEE DIGITAL318834,0,2451.8299999999945,2451.8299999999945,0.0376511891429291,0.03837770399055351,4405.43,10,10,0,0.3333333333333333,0.4864864864864865,1,5.60947179518496,0.029597531443624567,1
BATCH000067,BANK0000030,2026-02-16,2026-02-17,65119.59,65119.59,69118.94,2045.75,272,Shopee Digital MY210869,SHOPEE DIGITAL MY210869,1,0.0,0.0,0.0,0.0,1953.6000000000058,-1,1,0,0.25,0.5,1,5.60947179518496,0.029597531443624567,1
BATCH000067,BANK0000048,2026-02-16,2026-02-06,65119.59,64263.08,69118.94,2045.75,272,Shopee Payout440982,SHOPEE PAYOUT440982,0,856.5099999999948,856.5099999999948,0.013152877651717323,0.013239938114134375,2810.1100000000006,10,10,0,0.3333333333333333,0.4444444444444444,1,5.60947179518496,0.029597531443624567,1
BATCH000068,BANK0000006,2026-02-20,2026-02-21,103212.42,103212.42,109648.38,3091.37,422,SP Settlement227005,SP SETTLEMENT227005,1,0.0,0.0,0.0,0.0,3344.590000000011,-1,1,1,0.0,0.7222222222222222,1,6.0473721790462776,0.028193485393947452,1
BATCH000068,BANK0000065,2026-02-20,2026-02-22,103212.42,90772.08,109648.38,3091.37,422,SHOPEE DIGITAL542843,SHOPEE DIGITAL542843,0,12440.339999999997,12440.339999999997,0.12053142441578249,0.12843611747415196,15784.930000000008,-2,2,1,0.3333333333333333,0.4864864864864865,1,6.0473721790462776,0.028193485393947452,1
BATCH000069,BANK0000062,2026-02-19,2026-02-19,46902.81,46901.81,49840.59,1319.09,189,Shopee  Payout    140101,SHOPEE PAYOUT 140101,1,1.0,1.0,2.1320684197812456e-05,2.13204569146086e-05,1619.6900000000023,0,0,0,0.25,0.43243243243243246,1,5.247024072160486,0.026466179473397085,1
BATCH000070,BANK0000006,2026-02-22,2026-02-21,90772.08,103212.42,96150.41,2404.68,379,SP Settlement227005,SP SETTLEMENT227005,0,-12440.339999999997,12440.339999999997,0.13705029123492593,-0.12843611747415196,9466.689999999988,1,1,1,0.0,0.7222222222222222,1,5.940171252720432,0.025009565741841346,1
BATCH000070,BANK0000013,2026-02-22,2026-02-14,90772.08,83584.52,96150.41,2404.68,379,SHOPEE-PAYOUT  911161,SHOPEE PAYOUT 911161,0,7187.559999999998,7187.559999999998,0.07918249752567086,0.08249246653151054,10161.210000000006,8,8,1,0.25,0.43243243243243246,1,5.940171252720432,0.025009565741841346,1
BATCH000070,BANK0000059,2026-02-22,2026-02-12,90772.08,80355.42,96150.41,2404.68,379,Shopee Payout  757179,SHOPEE PAYOUT 757179,0,10416.660000000003,10416.660000000003,0.11475621138129702,0.12189077645144764,13390.310000000012,10,10,0,0.25,0.43243243243243246,1,5.940171252720432,0.025009565741841346,1
BATCH000070,BANK0000065,2026-02-22,2026-02-22,90772.08,90772.08,96150.41,2404.68,379,SHOPEE DIGITAL542843,SHOPEE DIGITAL542843,1,0.0,0.0,0.0,0.0,2973.6500000000087,0,0,1,0.3333333333333333,0.4864864864864865,1,5.940171252720432,0.025009565741841346,1
BATCH000071,BANK0000030,2026-02-24,2026-02-17,58556.85,65119.59,60963.84,668.33,250,Shopee Digital MY210869,SHOPEE DIGITAL MY210869,0,-6562.739999999998,6562.739999999998,0.11207467614805096,-0.10622562735161445,4824.080000000002,7,7,0,0.25,0.5,1,5.5254529391317835,0.010962728069622913,1
BATCH000071,BANK0000041,2026-02-24,2026-03-02,58556.85,56366.83,60963.84,668.33,250,Shopee Payout  128844,SHOPEE PAYOUT 128844,0,2190.019999999997,2190.019999999997,0.03739989429076183,0.03811654879939752,3928.679999999993,-6,6,0,0.25,0.43243243243243246,1,5.5254529391317835,0.010962728069622913,1
BATCH000072,BANK0000016,2026-02-26,2026-02-26,29116.67,29116.67,31082.33,1101.32,128,Shopee Payout181102,SHOPEE PAYOUT181102,1,0.0,0.0,0.0,0.0,864.3400000000038,0,0,0,0.3333333333333333,0.4444444444444444,1,4.859812404361672,0.03543235014878228,1
BATCH000073,BANK0000041,2026-03-01,2026-03-02,56366.83,56366.83,59301.26,1073.0,236,Shopee Payout  128844,SHOPEE PAYOUT 128844,1,0.0,0.0,0.0,0.0,1861.4300000000003,-1,1,0,0.25,0.43243243243243246,1,5.4680601411351315,0.018094050615450667,1
BATCH000073,BANK0000056,2026-03-01,2026-03-07,56366.83,55891.59,59301.26,1073.0,236,Shopee Payout 128904,SHOPEE PAYOUT 128904,0,475.24000000000524,475.24000000000524,0.008431199696701148,0.008466792463877937,2336.6700000000055,-6,6,1,0.25,0.43243243243243246,1,5.4680601411351315,0.018094050615450667,1
BATCH000073,BANK0000063,2026-03-01,2026-03-04,56366.83,48444.88,59301.26,1073.0,236,sp sETTLEMENT  994984,SP SETTLEMENT 994984,0,7921.950000000004,7921.950000000004,0.1405427624721845,0.15145130709750276,9783.380000000005,-3,3,0,0.25,0.7027027027027027,1,5.4680601411351315,0.018094050615450667,1
BATCH000074,BANK0000041,2026-03-06,2026-03-02,55891.59,56366.83,58947.87,1226.64,223,Shopee Payout  128844,SHOPEE PAYOUT 128844,0,-475.24000000000524,475.24000000000524,0.008502889254000561,-0.008466792463877937,1354.4000000000015,4,4,0,0.25,0.43243243243243246,1,5.4116460518550396,0.020808894367175607,1
BATCH000074,BANK0000056,2026-03-06,2026-03-07,55891.59,55891.59,58947.87,1226.64,223,Shopee Payout 128904,SHOPEE PAYOUT 128904,1,0.0,0.0,0.0,0.0,1829.6400000000067,-1,1,1,0.25,0.43243243243243246,1,5.4116460518550396,0.020808894367175607,1
BATCH000074,BANK0000063,2026-03-06,2026-03-04,55891.59,48444.88,58947.87,1226.64,223,sp sETTLEMENT  994984,SP SETTLEMENT 994984,0,7446.709999999999,7446.709999999999,0.13323489276293624,0.14298451463362483,9276.350000000006,2,2,0,0.25,0.7027027027027027,1,5.4116460518550396,0.020808894367175607,1
BATCH000075,BANK0000063,2026-03-04,2026-03-04,48444.88,48444.88,50979.08,952.77,200,sp sETTLEMENT  994984,SP SETTLEMENT 994984,1,0.0,0.0,0.0,0.0,1581.4300000000076,0,0,0,0.25,0.7027027027027027,1,5.303304908059076,0.018689431037201925,1
